trajectory,system,waypoint,distance_along_m,time_s,median_pair_correlation,median_pair_decorrelation,minimum_pair_decorrelation,maximum_pair_decorrelation
Linear,Without Lens,0,0.0,0.0,0.817959,0.182041,0.10389,0.232221
Linear,Without Lens,1,0.95,0.95,0.865732,0.134268,0.116161,0.157246
Linear,Without Lens,2,1.9,1.9,0.771225,0.228775,0.194247,0.248123
Linear,Without Lens,3,2.85,2.85,0.842583,0.157417,0.154637,0.162697
Linear,Without Lens,4,3.8,3.8,0.865477,0.134523,0.047871,0.178765
Linear,Without Lens,5,4.75,4.75,0.928501,0.071499,0.018778,0.099225
Linear,Without Lens,6,5.7,5.7,0.916588,0.083412,0.08133,0.084713
Linear,Without Lens,7,6.65,6.65,0.919044,0.080956,0.066274,0.109791
Linear,Without Lens,8,7.6,7.6,0.94919,0.05081,0.048361,0.055464
Linear,Without Lens,9,8.55,8.55,0.967268,0.032732,0.029823,0.034305
Linear,Without Lens,10,9.5,9.5,0.974652,0.025348,0.02211,0.031234
Linear,Without Lens,11,10.45,10.45,0.967009,0.032991,0.029386,0.035308
Linear,Without Lens,12,11.4,11.4,0.949176,0.050824,0.048059,0.05629
Linear,Without Lens,13,12.35,12.35,0.919036,0.080964,0.066307,0.11008
Linear,Without Lens,14,13.3,13.3,0.916781,0.083219,0.080964,0.084922
Linear,Without Lens,15,14.25,14.25,0.929427,0.070573,0.018486,0.09815
Linear,Without Lens,16,15.2,15.2,0.863851,0.136149,0.047017,0.181601
Linear,Without Lens,17,16.15,16.15,0.845333,0.154667,0.151143,0.16013
Linear,Without Lens,18,17.1,17.1,0.777828,0.222172,0.191891,0.240616
Linear,Without Lens,19,18.05,18.05,0.869807,0.130193,0.104936,0.175045
Linear,Without Lens,20,19.0,19.0,0.826423,0.173577,0.075613,0.245606
Half-Circular,Without Lens,0,0.0,0.0,0.962827,0.037173,0.023895,0.062456
Half-Circular,Without Lens,1,0.785149,0.785149,0.953267,0.046733,0.027551,0.080194
Half-Circular,Without Lens,2,1.570298,1.570298,0.92954,0.07046,0.043985,0.120287
Half-Circular,Without Lens,3,2.355447,2.355447,0.939706,0.060294,0.037738,0.103269
Half-Circular,Without Lens,4,3.140596,3.140596,0.948079,0.051921,0.03481,0.084497
Half-Circular,Without Lens,5,3.925745,3.925745,0.92684,0.07316,0.056863,0.104585
Half-Circular,Without Lens,6,4.710894,4.710894,0.94474,0.05526,0.036128,0.093138
Half-Circular,Without Lens,7,5.496043,5.496043,0.886929,0.113071,0.091462,0.155697
Half-Circular,Without Lens,8,6.281192,6.281192,0.84655,0.15345,0.13138,0.192414
Half-Circular,Without Lens,9,7.066341,7.066341,0.893585,0.106415,0.091371,0.135474
Half-Circular,Without Lens,10,7.85149,7.85149,0.911618,0.088382,0.085211,0.090228
Half-Circular,Without Lens,11,8.636639,8.636639,0.908418,0.091582,0.05592,0.109501
Half-Circular,Without Lens,12,9.421788,9.421788,0.929167,0.070833,0.014947,0.098899
Half-Circular,Without Lens,13,10.206937,10.206937,0.931907,0.068093,0.042991,0.080935
Half-Circular,Without Lens,14,10.992086,10.992086,0.933184,0.066816,0.054555,0.09024
Half-Circular,Without Lens,15,11.777235,11.777235,0.955062,0.044938,0.038701,0.056694
Half-Circular,Without Lens,16,12.562384,12.562384,0.96186,0.03814,0.033113,0.048052
Half-Circular,Without Lens,17,13.347533,13.347533,0.969353,0.030647,0.029741,0.032133
Half-Circular,Without Lens,18,14.132682,14.132682,0.97465,0.02535,0.022111,0.031235
Half-Circular,Without Lens,19,14.91783,14.91783,0.970006,0.029994,0.027897,0.033279
Half-Circular,Without Lens,20,15.702979,15.702979,0.961045,0.038955,0.034079,0.048621
Half-Circular,Without Lens,21,16.488128,16.488128,0.955109,0.044891,0.038776,0.056825
Half-Circular,Without Lens,22,17.273277,17.273277,0.93346,0.06654,0.054663,0.09
Half-Circular,Without Lens,23,18.058426,18.058426,0.931775,0.068225,0.043263,0.0816
Half-Circular,Without Lens,24,18.843575,18.843575,0.930544,0.069456,0.015118,0.097163
Half-Circular,Without Lens,25,19.628724,19.628724,0.908156,0.091844,0.055825,0.110802
Half-Circular,Without Lens,26,20.413873,20.413873,0.912915,0.087085,0.086145,0.088605
Half-Circular,Without Lens,27,21.199022,21.199022,0.890417,0.109583,0.094473,0.139131
Half-Circular,Without Lens,28,21.984171,21.984171,0.849984,0.150016,0.128235,0.191891
Half-Circular,Without Lens,29,22.76932,22.76932,0.893069,0.106931,0.083447,0.152856
Half-Circular,Without Lens,30,23.554469,23.554469,0.940724,0.059276,0.038799,0.098006
Half-Circular,Without Lens,31,24.339618,24.339618,0.930645,0.069355,0.053584,0.100437
Half-Circular,Without Lens,32,25.124767,25.124767,0.946721,0.053279,0.036563,0.086637
Half-Circular,Without Lens,33,25.909916,25.909916,0.936905,0.063095,0.040895,0.107278
Half-Circular,Without Lens,34,26.695065,26.695065,0.95716,0.04284,0.02823,0.072038
Half-Circular,Without Lens,35,27.480214,27.480214,0.944403,0.055597,0.031314,0.096623
Half-Circular,Without Lens,36,28.265363,28.265363,0.882785,0.117215,0.074382,0.197776
Linear,Lens,0,0.0,0.0,0.510072,0.489928,0.357041,0.715594
Linear,Lens,1,0.95,0.95,0.424618,0.575382,0.460272,0.690738
Linear,Lens,2,1.9,1.9,0.260363,0.739637,0.446489,0.895156
Linear,Lens,3,2.85,2.85,0.369052,0.630948,0.531292,0.68743
Linear,Lens,4,3.8,3.8,0.410554,0.589446,0.472798,0.778593
Linear,Lens,5,4.75,4.75,0.427022,0.572978,0.489759,0.719622
Linear,Lens,6,5.7,5.7,0.272237,0.727763,0.643426,0.877494
Linear,Lens,7,6.65,6.65,0.595015,0.404985,0.335599,0.455072
Linear,Lens,8,7.6,7.6,0.577731,0.422269,0.170907,0.570659
Linear,Lens,9,8.55,8.55,0.705487,0.294513,0.226848,0.413893
Linear,Lens,10,9.5,9.5,0.731039,0.268961,0.259826,0.274972
Linear,Lens,11,10.45,10.45,0.692652,0.307348,0.240459,0.428374
Linear,Lens,12,11.4,11.4,0.572416,0.427584,0.161296,0.578526
Linear,Lens,13,12.35,12.35,0.553894,0.446106,0.389821,0.48001
Linear,Lens,14,13.3,13.3,0.243799,0.756201,0.644074,0.906074
Linear,Lens,15,14.25,14.25,0.36806,0.63194,0.530739,0.786967
Linear,Lens,16,15.2,15.2,0.376647,0.623353,0.485463,0.834553
Linear,Lens,17,16.15,16.15,0.382085,0.617915,0.536973,0.730011
Linear,Lens,18,17.1,17.1,0.228026,0.771974,0.47198,0.951088
Linear,Lens,19,18.05,18.05,0.356413,0.643587,0.480652,0.762837
Linear,Lens,20,19.0,19.0,0.574378,0.425622,0.315958,0.553746
Half-Circular,Lens,0,0.0,0.0,0.50245,0.49755,0.385669,0.677912
Half-Circular,Lens,1,0.785149,0.785149,0.576664,0.423336,0.134692,0.608392
Half-Circular,Lens,2,1.570298,1.570298,0.436188,0.563812,0.248636,0.731519
Half-Circular,Lens,3,2.355447,2.355447,0.34203,0.65797,0.591354,0.697999
Half-Circular,Lens,4,3.140596,3.140596,0.386414,0.613586,0.587002,0.639323
Half-Circular,Lens,5,3.925745,3.925745,0.375798,0.624202,0.514549,0.682199
Half-Circular,Lens,6,4.710894,4.710894,0.547206,0.452794,0.351143,0.588033
Half-Circular,Lens,7,5.496043,5.496043,0.58077,0.41923,0.219805,0.543037
Half-Circular,Lens,8,6.281192,6.281192,0.449767,0.550233,0.402061,0.691579
Half-Circular,Lens,9,7.066341,7.066341,0.415163,0.584837,0.383302,0.73585
Half-Circular,Lens,10,7.85149,7.85149,0.345729,0.654271,0.433456,0.857028
Half-Circular,Lens,11,8.636639,8.636639,0.484457,0.515543,0.386799,0.593993
Half-Circular,Lens,12,9.421788,9.421788,0.45506,0.54494,0.420866,0.701511
Half-Circular,Lens,13,10.206937,10.206937,0.204807,0.795193,0.638676,0.966135
Half-Circular,Lens,14,10.992086,10.992086,0.452626,0.547374,0.47463,0.625861
Half-Circular,Lens,15,11.777235,11.777235,0.649847,0.350153,0.161431,0.468023
Half-Circular,Lens,16,12.562384,12.562384,0.721665,0.278335,0.228493,0.36687
Half-Circular,Lens,17,13.347533,13.347533,0.720969,0.279031,0.1678,0.384702
Half-Circular,Lens,18,14.132682,14.132682,0.731039,0.268961,0.259823,0.274978
Half-Circular,Lens,19,14.91783,14.91783,0.693769,0.306231,0.168323,0.42098
Half-Circular,Lens,20,15.702979,15.702979,0.738661,0.261339,0.201774,0.326938
Half-Circular,Lens,21,16.488128,16.488128,0.593967,0.406033,0.159957,0.545255
Half-Circular,Lens,22,17.273277,17.273277,0.440036,0.559964,0.499538,0.599751
Half-Circular,Lens,23,18.058426,18.058426,0.180835,0.819165,0.70744,0.967769
Half-Circular,Lens,24,18.843575,18.843575,0.410664,0.589336,0.502803,0.743617
Half-Circular,Lens,25,19.628724,19.628724,0.509679,0.490321,0.401016,0.593502
Half-Circular,Lens,26,20.413873,20.413873,0.307884,0.692116,0.437567,0.934634
Half-Circular,Lens,27,21.199022,21.199022,0.431136,0.568864,0.367388,0.721188
Half-Circular,Lens,28,21.984171,21.984171,0.435658,0.564342,0.364213,0.705458
Half-Circular,Lens,29,22.76932,22.76932,0.505055,0.494945,0.199287,0.680527
Half-Circular,Lens,30,23.554469,23.554469,0.432507,0.567493,0.369167,0.727916
Half-Circular,Lens,31,24.339618,24.339618,0.292625,0.707375,0.558397,0.790442
Half-Circular,Lens,32,25.124767,25.124767,0.307493,0.692507,0.679277,0.707385
Half-Circular,Lens,33,25.909916,25.909916,0.358855,0.641145,0.528156,0.713983
Half-Circular,Lens,34,26.695065,26.695065,0.446152,0.553848,0.291072,0.696636
Half-Circular,Lens,35,27.480214,27.480214,0.549607,0.450393,0.193075,0.621708
Half-Circular,Lens,36,28.265363,28.265363,0.536044,0.463956,0.239059,0.632097
