source,rx_index,tx_index,native_rx,native_tx,freq_ghz,magnitude_with_db,magnitude_without_db,lens_gain_db
HFSS Hybrid Solver,1,1,rx1,tx_0deg,37.0,-18.012860648609333,-28.36316249303448,10.350301844425147
HFSS Hybrid Solver,1,1,rx1,tx_0deg,38.0,-18.539271478465302,-27.33411518341581,8.794843704950509
HFSS Hybrid Solver,1,1,rx1,tx_0deg,39.0,-18.070767423865572,-28.489248376739184,10.418480952873612
HFSS Hybrid Solver,1,2,rx1,tx_45deg,37.0,-35.80836814693427,-30.161569909532066,-5.646798237402205
HFSS Hybrid Solver,1,2,rx1,tx_45deg,38.0,-37.569776694561774,-28.909642653757814,-8.66013404080396
HFSS Hybrid Solver,1,2,rx1,tx_45deg,39.0,-37.572938328710784,-30.213144777181405,-7.359793551529378
HFSS Hybrid Solver,1,3,rx1,tx_m45deg,37.0,-35.85370795159408,-29.088791742520467,-6.764916209073615
HFSS Hybrid Solver,1,3,rx1,tx_m45deg,38.0,-36.82615801828499,-28.862053037606135,-7.964104980678858
HFSS Hybrid Solver,1,3,rx1,tx_m45deg,39.0,-37.46029368618287,-30.080804195631575,-7.379489490551297
HFSS Hybrid Solver,2,1,rx2,tx_0deg,37.0,-36.63286277513561,-32.53742236781567,-4.095440407319934
HFSS Hybrid Solver,2,1,rx2,tx_0deg,38.0,-49.80958779103818,-32.64089238004349,-17.168695410994694
HFSS Hybrid Solver,2,1,rx2,tx_0deg,39.0,-54.68418458586508,-33.424857078107145,-21.259327507757938
HFSS Hybrid Solver,2,2,rx2,tx_45deg,37.0,-21.67943608396564,-30.012673740242764,8.333237656277124
HFSS Hybrid Solver,2,2,rx2,tx_45deg,38.0,-22.01240319403879,-29.20313411553828,7.19073092149949
HFSS Hybrid Solver,2,2,rx2,tx_45deg,39.0,-23.136777281705683,-30.30346148451772,7.166684202812036
HFSS Hybrid Solver,2,3,rx2,tx_m45deg,37.0,-35.910650808910425,-35.31863614483585,-0.5920146640745756
HFSS Hybrid Solver,2,3,rx2,tx_m45deg,38.0,-37.61194721649712,-34.25537422639173,-3.3565729901053913
HFSS Hybrid Solver,2,3,rx2,tx_m45deg,39.0,-35.30750018642005,-34.558936481823494,-0.7485637045965561
HFSS Hybrid Solver,3,1,rx3,tx_0deg,37.0,-36.55793383679602,-32.532385800178496,-4.025548036617522
HFSS Hybrid Solver,3,1,rx3,tx_0deg,38.0,-49.17118181039164,-32.64883145066264,-16.522350359728996
HFSS Hybrid Solver,3,1,rx3,tx_0deg,39.0,-56.74574244208627,-33.44252513458684,-23.30321730749943
HFSS Hybrid Solver,3,2,rx3,tx_45deg,37.0,-34.957986119452215,-35.416975307354875,0.4589891879026595
HFSS Hybrid Solver,3,2,rx3,tx_45deg,38.0,-36.962041419533776,-34.79443487929233,-2.1676065402414437
HFSS Hybrid Solver,3,2,rx3,tx_45deg,39.0,-35.72466905519783,-35.87205627164118,0.14738721644334873
HFSS Hybrid Solver,3,3,rx3,tx_m45deg,37.0,-21.970474653334584,-29.23111643220938,7.2606417788747954
HFSS Hybrid Solver,3,3,rx3,tx_m45deg,38.0,-22.36407467102879,-29.48654235639146,7.122467685362672
HFSS Hybrid Solver,3,3,rx3,tx_m45deg,39.0,-23.161606919488577,-31.46311279915269,8.301505879664113
HFSS SBR+ Solver,1,1,rx1,tx1,37.0,-14.989262222017715,-23.930085909736842,8.940823687719128
HFSS SBR+ Solver,1,1,rx1,tx1,38.0,-16.227087032846175,-25.31508030237497,9.087993269528795
HFSS SBR+ Solver,1,1,rx1,tx1,39.0,-18.004197734941513,-27.122155529965063,9.11795779502355
HFSS SBR+ Solver,1,2,rx1,tx2,37.0,-35.49472241406404,-28.1258066280493,-7.3689157860147425
HFSS SBR+ Solver,1,2,rx1,tx2,38.0,-39.5758909058238,-28.79930738151808,-10.776583524305718
HFSS SBR+ Solver,1,2,rx1,tx2,39.0,-43.53211788980424,-29.81204624479741,-13.72007164500683
HFSS SBR+ Solver,1,3,rx1,tx3,37.0,-36.041867743347495,-28.14446067096472,-7.8974070723827765
HFSS SBR+ Solver,1,3,rx1,tx3,38.0,-41.39607089158882,-28.81257998019332,-12.5834909113955
HFSS SBR+ Solver,1,3,rx1,tx3,39.0,-45.454563470772456,-29.82857356892916,-15.625989901843298
HFSS SBR+ Solver,2,1,rx2,tx1,37.0,-31.54142789311365,-28.14285544570152,-3.3985724474121284
HFSS SBR+ Solver,2,1,rx2,tx1,38.0,-33.81449582549572,-28.809597969341553,-5.004897856154166
HFSS SBR+ Solver,2,1,rx2,tx1,39.0,-36.41687536184543,-29.844602409477044,-6.572272952368383
HFSS SBR+ Solver,2,2,rx2,tx2,37.0,-22.309922638348425,-23.886552371605546,1.5766297332571213
HFSS SBR+ Solver,2,2,rx2,tx2,38.0,-21.731589532237408,-25.287280095290047,3.5556905630526394
HFSS SBR+ Solver,2,2,rx2,tx2,39.0,-21.801738528112303,-27.096963923085063,5.295225394972761
HFSS SBR+ Solver,2,3,rx2,tx3,37.0,-43.83397657726222,-38.75315749379011,-5.080819083472107
HFSS SBR+ Solver,2,3,rx2,tx3,38.0,-47.24582519718017,-37.386162903397725,-9.859662293782442
HFSS SBR+ Solver,2,3,rx2,tx3,39.0,-46.25726835730768,-37.04972089094886,-9.207547466358818
HFSS SBR+ Solver,3,1,rx3,tx1,37.0,-31.684046425750978,-28.13351853885239,-3.550527886898589
HFSS SBR+ Solver,3,1,rx3,tx1,38.0,-33.94794732629052,-28.80937080873537,-5.138576517555148
HFSS SBR+ Solver,3,1,rx3,tx1,39.0,-36.017187374431956,-29.846822799929498,-6.170364574502457
HFSS SBR+ Solver,3,2,rx3,tx2,37.0,-43.11434405182154,-38.836892006330224,-4.277452045491316
HFSS SBR+ Solver,3,2,rx3,tx2,38.0,-45.86197327692139,-37.45613214199915,-8.405841134922241
HFSS SBR+ Solver,3,2,rx3,tx2,39.0,-43.88305257406752,-37.1375194881928,-6.745533085874719
HFSS SBR+ Solver,3,3,rx3,tx3,37.0,-22.311307379859553,-23.8877041951661,1.5763968153065484
HFSS SBR+ Solver,3,3,rx3,tx3,38.0,-21.724973012735795,-25.292860177691633,3.567887164955838
HFSS SBR+ Solver,3,3,rx3,tx3,39.0,-21.805013280716004,-27.095706893694334,5.29069361297833
SIonna-RT,1,1,rx_index 2,tx_index 2,37.0,-18.290024400574126,-28.997533054707407,10.707508654133282
SIonna-RT,1,1,rx_index 2,tx_index 2,38.0,-18.34431845715863,-29.05915413215158,10.714835674992951
SIonna-RT,1,1,rx_index 2,tx_index 2,39.0,-18.291175155648762,-29.01759964555904,10.72642448991028
SIonna-RT,1,2,rx_index 2,tx_index 1,37.0,-42.50214753238434,-30.699928050347957,-11.802219482036385
SIonna-RT,1,2,rx_index 2,tx_index 1,38.0,-42.54256739662857,-30.68406897241314,-11.85849842421543
SIonna-RT,1,2,rx_index 2,tx_index 1,39.0,-42.32910646864408,-30.699023636575305,-11.630082832068773
SIonna-RT,1,3,rx_index 2,tx_index 3,37.0,-41.11893817130621,-30.734800129884434,-10.384138041421778
SIonna-RT,1,3,rx_index 2,tx_index 3,38.0,-41.15367675781158,-30.719854425202385,-10.433822332609196
SIonna-RT,1,3,rx_index 2,tx_index 3,39.0,-40.9647239934338,-30.733373648329877,-10.231350345103923
SIonna-RT,2,1,rx_index 1,tx_index 2,37.0,-42.7392250131055,-34.006923047311574,-8.732301965793923
SIonna-RT,2,1,rx_index 1,tx_index 2,38.0,-42.74165715598829,-34.0190560907518,-8.72260106523649
SIonna-RT,2,1,rx_index 1,tx_index 2,39.0,-42.83938172331631,-34.065935967080236,-8.773445756236072
SIonna-RT,2,2,rx_index 1,tx_index 1,37.0,-22.7842139881149,-28.265768520133875,5.481554532018976
SIonna-RT,2,2,rx_index 1,tx_index 1,38.0,-22.760065584051578,-28.22454076435909,5.464475180307513
SIonna-RT,2,2,rx_index 1,tx_index 1,39.0,-22.793860314957023,-28.271743900935043,5.47788358597802
SIonna-RT,2,3,rx_index 1,tx_index 3,37.0,-43.03093042406846,-40.59960449840381,-2.4313259256646518
SIonna-RT,2,3,rx_index 1,tx_index 3,38.0,-42.80924491617569,-40.71502445685947,-2.094220459316226
SIonna-RT,2,3,rx_index 1,tx_index 3,39.0,-42.95941741485109,-40.58281682311075,-2.376600591740342
SIonna-RT,3,1,rx_index 3,tx_index 2,37.0,-42.90815187409389,-33.930048490742124,-8.978103383351765
SIonna-RT,3,1,rx_index 3,tx_index 2,38.0,-42.90994565978015,-33.94024919614957,-8.969696463630576
SIonna-RT,3,1,rx_index 3,tx_index 2,39.0,-43.03580029989142,-33.99036063054667,-9.045439669344752
SIonna-RT,3,2,rx_index 3,tx_index 1,37.0,-43.20270373418226,-40.340441480603616,-2.862262253578642
SIonna-RT,3,2,rx_index 3,tx_index 1,38.0,-42.952868312062584,-40.44271244866099,-2.510155863401593
SIonna-RT,3,2,rx_index 3,tx_index 1,39.0,-43.13322420117892,-40.3246590842749,-2.8085651169040204
SIonna-RT,3,3,rx_index 3,tx_index 3,37.0,-23.143300815802256,-28.32725701449778,5.1839561986955225
SIonna-RT,3,3,rx_index 3,tx_index 3,38.0,-23.119778386846694,-28.28534759712874,5.165569210282047
SIonna-RT,3,3,rx_index 3,tx_index 3,39.0,-23.1534950512117,-28.333596531052162,5.180101479840463
